beee,aaaavvv,"2016-05-21 02:19:27"
ojj,hajjj,"2016-05-21 03:30:13"
"sad ok","sigurno","2016-05-21 03:31:24"
d,"huhiujhiuhiuhiuhiuhiuhiuh njklnkljnnkjnlkjnlknlknlknlknlknlkn","2016-05-21 03:37:56"
kako,"e sad da vidim
novi red
kako radi
","2016-05-21 16:02:17"
zarez,"kako sad, zarez radi","2016-05-21 16:07:02"
ahaaaa,"jooj &quot;","2016-05-21 16:11:45"
hh,"joj &quot;sad sta je ovo","2016-05-21 16:12:04"
df,,"2016-05-21 16:15:02"
sa,"apsofposkfspaokfspaokfpasofkposkf osakofakfpaskfpaks safkafpakfpakfpakfpakpfkapfk fpafakfkpakfpakfpakp fafa fafpafkpafkp fafafa fafapfkapkfpakf afafafkapfkpakf aafapfkafka fapfkapfpakfapskfpaskfkpaskfapkfpas kafaafpapkfpaskpfksakfskpakfpskapkfapkfpakpfka","2016-05-21 16:16:12"
a,cc,"2016-05-21 17:28:51"
fgfgfgfgfgf,"gf fg","2016-05-22 00:38:43"
ddddddddffffff,"
fdfd
","2016-05-22 00:53:57"
testa,testovi,"2016-05-22 01:10:48"
dfssdfs,dsfsdfsdfsdf,"2016-05-22 20:36:50"
dfgdfg,gfdgdfgdfgdfg,"2016-05-22 20:42:51"
eeee,eeeeeeee,"2016-05-22 21:15:28"
